"priority","key","english","thai_draft","corrected_thai","notes"
"P0","toast.freeze-used","Streak Freeze used — your {n}-day streak is safe","ใช้น้ำแข็งพิทักษ์สตรีคแล้ว — สตรีค {n} วันของคุณยังอยู่","",""
"P0","notify.streak.title","Don't lose your {n}-day streak!","อย่าให้สตรีค {n} วันหลุดนะ!","",""
"P0","notify.streak.body","{remaining} words keep it alive — a quick Word Quest does it.","อีก {remaining} คำสตรีคก็รอด — เล่นภารกิจคำศัพท์สั้น ๆ ก็พอ","",""
"P0","notify.comeback.title","Your lucky cat misses you 🐱","เจ้าแมวนำโชคคิดถึงคุณนะ 🐱","",""
"P0","notify.comeback.body","You were on a {n}-day roll — jump back in and get it going again!","คุณทำสตรีคได้ตั้ง {n} วัน — กลับมาลุยต่อกันเลย!","",""
"P0","account.row","Account","บัญชี","",""
"P0","account.title","Account","บัญชี","",""
"P0","account.status.local","On this device","อยู่บนเครื่องนี้","",""
"P0","account.status.guest","Guest account","บัญชีผู้เยี่ยมชม","",""
"P0","account.status.signedIn","Signed in as {email}","เข้าสู่ระบบเป็น {email}","",""
"P0","account.explain.offline","Cloud accounts need an internet connection — your progress is safe on this device.","บัญชีคลาวด์ต้องใช้อินเทอร์เน็ต — ความคืบหน้าของคุณยังปลอดภัยบนเครื่องนี้","",""
"P0","account.explain.local","Your progress lives on this device. Connect to back it up to the cloud.","ความคืบหน้าของคุณอยู่บนเครื่องนี้ เชื่อมต่อเพื่อสำรองข้อมูลบนคลาวด์","",""
"P0","account.explain.guest","Connected as a guest. Add your email so your account isn't lost with this device.","เชื่อมต่อแบบผู้เยี่ยมชมแล้ว เพิ่มอีเมลเพื่อไม่ให้บัญชีหายไปพร้อมเครื่อง","",""
"P0","account.explain.signedIn","Your account is linked. Your progress backs up to the cloud automatically.","บัญชีของคุณเชื่อมต่อแล้ว ความคืบหน้าจะสำรองขึ้นคลาวด์ให้อัตโนมัติ","",""
"P0","account.connect","Connect","เชื่อมต่อ","",""
"P0","account.sendCode","Send code","ส่งรหัส","",""
"P0","account.verify","Verify","ยืนยัน","",""
"P0","account.resend","Resend code","ส่งรหัสอีกครั้ง","",""
"P0","account.resendWait","Resend in {s}s","ส่งใหม่ได้ใน {s} วิ","",""
"P0","account.signOut","Sign out","ออกจากระบบ","",""
"P0","account.emailPh","your@email.com","your@email.com","",""
"P0","account.codePh","code from the email","รหัสจากอีเมล","",""
"P0","account.codeSent","Code sent — check your email","ส่งรหัสแล้ว — เช็กอีเมลของคุณ","",""
"P0","account.changeEmail","Use a different email","ใช้อีเมลอื่น","",""
"P0","account.signedIn","Signed in!","เข้าสู่ระบบแล้ว!","",""
"P0","account.signedOut","Signed out","ออกจากระบบแล้ว","",""
"P0","account.err.offline","No internet connection","ไม่มีการเชื่อมต่ออินเทอร์เน็ต","",""
"P0","account.err.network","Couldn't reach the cloud — try again","ติดต่อคลาวด์ไม่ได้ — ลองอีกครั้ง","",""
"P0","account.err.badEmail","That email doesn't look right","อีเมลนี้ดูไม่ถูกต้อง","",""
"P0","account.err.badCode","Wrong or expired code — try again","รหัสผิดหรือหมดอายุ — ลองอีกครั้ง","",""
"P0","account.lastSynced","Last synced {when}","ซิงค์ล่าสุด {when}","",""
"P0","account.neverSynced","Not synced yet","ยังไม่ได้ซิงค์","",""
"P0","account.restored","Progress restored ✓","กู้คืนความคืบหน้าแล้ว ✓","",""
"P0","account.benefit.safe","Keeps your streak, coins and mastery backed up","สำรองสตรีค เหรียญ และคำที่เชี่ยวชาญของคุณไว้ให้","",""
"P0","account.benefit.devices","Works on phone and computer — pick up where you left off","ใช้ได้ทั้งมือถือและคอมพิวเตอร์ — เล่นต่อจากที่ค้างไว้","",""
"P0","account.benefit.free","Free — no password, just an email later if you want","ฟรี — ไม่ต้องตั้งรหัสผ่าน แค่อีเมลทีหลังถ้าต้องการ","",""
"P0","streak.restUsed","🍵 Rest day used — your {n}-day streak is safe.","🍵 ใช้วันพักแล้ว — สตรีค {n} วันของคุณยังปลอดภัย","",""
"P0","shop.getCoins","Get Coins","เติมเหรียญ","",""
"P0","shop.supporterTitle","Supporter","ผู้สนับสนุน","",""
"P0","shop.supporterDesc","Remove ads forever · +2,000 coins · Supporter badge","ปิดโฆษณาถาวร · รับ 2,000 เหรียญ · แบดจ์ผู้สนับสนุน","",""
"P0","shop.supporterOwned","Thank you for supporting Lucky Cat! ♥","ขอบคุณที่สนับสนุน Lucky Cat! ♥","",""
"P0","iap.amount","{coins} coins","{coins} เหรียญ","",""
"P0","iap.pending","Processing…","กำลังดำเนินการ…","",""
"P0","iap.failed","Purchase failed — nothing was charged. Try again.","การซื้อไม่สำเร็จ — ยังไม่มีการเรียกเก็บเงิน ลองใหม่อีกครั้ง","",""
"P0","iap.success","+{coins} coins added!","ได้รับ +{coins} เหรียญแล้ว!","",""
"P0","iap.supporterThanks","You're a Supporter now — thank you! ♥","คุณเป็นผู้สนับสนุนแล้ว — ขอบคุณ! ♥","",""
"P0","iap.restore","Restore Purchases","กู้คืนการซื้อ","",""
"P0","iap.restored","Supporter restored ♥","กู้คืนสถานะผู้สนับสนุนแล้ว ♥","",""
"P0","iap.nothingToRestore","Nothing to restore","ไม่มีรายการให้กู้คืน","",""
"P0","iap.restoreFailed","Restore failed — check your connection and try again.","กู้คืนไม่สำเร็จ — ตรวจสอบการเชื่อมต่อแล้วลองใหม่","",""
"P0","iap.processing","Purchase is processing — your coins will arrive shortly.","การซื้อกำลังดำเนินการ — เหรียญของคุณจะเข้าบัญชีในไม่ช้า","",""
"P0","account.supporterChip","Supporter ♥","ผู้สนับสนุน ♥","",""
"P0","item.supporter","Supporter Pack","แพ็กผู้สนับสนุน","",""
"P0","item.coins_s","Coin Pouch","ถุงเหรียญ","",""
"P0","item.coins_m","Coin Stack","กองเหรียญ","",""
"P0","item.coins_l","Coin Chest","หีบเหรียญ","",""
"P0","item.coins_xl","Coin Vault","คลังเหรียญ","",""
"P1","battle.critical","BRILLIANT!","ยอดเยี่ยม!","",""
"P1","welcome.title","Welcome!","ยินดีต้อนรับ!","",""
"P1","welcome.blurb","Learn Chinese words by playing — a couple of minutes a day.","เรียนคำศัพท์จีนผ่านการเล่น — วันละไม่กี่นาที","",""
"P1","welcome.language","Your language","ภาษาของคุณ","",""
"P1","welcome.level","Start at","เริ่มที่ระดับ","",""
"P1","welcome.levelHint","New to HSK? Start with HSK1 — you can change this any time.","เพิ่งเริ่ม HSK ใช่ไหม? เริ่มที่ HSK1 และเปลี่ยนได้ทุกเมื่อ","",""
"P1","welcome.start","START LEARNING","เริ่มเรียนเลย","",""
"P1","results.introHint","Great first session! Come back tomorrow to start your streak 🍵","ครั้งแรกเยี่ยมมาก! กลับมาพรุ่งนี้เพื่อเริ่มสตรีคของคุณ 🍵","",""
"P1","scope.title","Choose your words","เลือกคำศัพท์","",""
"P1","scope.levels","Levels","ระดับ","",""
"P1","scope.filters","Filters","ตัวกรอง","",""
"P1","scope.highYield","High-yield only","เฉพาะคำออกบ่อย","",""
"P1","scope.newOnly","New words only","เฉพาะคำใหม่","",""
"P1","scope.topN","Top-N by frequency","จัดอันดับตามความถี่","",""
"P1","scope.all","All","ทั้งหมด","",""
"P1","scope.meaningLang","Meaning language","ภาษาที่ใช้แสดงความหมาย","",""
"P1","scope.english","English","ภาษาอังกฤษ","",""
"P1","scope.both","Both","ทั้งสอง","",""
"P1","scope.sessionLen","Session length","จำนวนคำต่อรอบ","",""
"P1","scope.custom","Custom","กำหนดเอง","",""
"P1","scope.customPh","5–500","5–500","",""
"P1","scope.endless","Endless","ไม่จำกัด","",""
"P1","scope.cards","Cards","บัตรคำ","",""
"P1","scope.cardsResume","Resume Cards · {n}","เล่นบัตรคำต่อ · {n}","",""
"P1","scope.wordQuest","Word Quest · {n}","เควสต์คำศัพท์ · {n}","",""
"P1","scope.smartReview","Smart Review","ทบทวนอัจฉริยะ","",""
"P1","scope.smartReviewProgress","Smart Review · {have}/{min}","ทบทวนอัจฉริยะ · {have}/{min}","",""
"P1","scope.smartReviewReady","Smart Review · {n}","ทบทวนอัจฉริยะ · {n}","",""
"P1","scope.smartReviewLocked","Play a session first — Smart Review learns your weak words","เล่นสักรอบก่อน — ทบทวนอัจฉริยะจะเรียนรู้คำที่คุณยังไม่แม่น","",""
"P1","scope.readout","Pool: <b>{count}</b> words · ~<b>{pct}%</b> of exam text","คลังคำ: <b>{count}</b> คำ · ~<b>{pct}%</b> ของข้อสอบ","",""
"P1","scope.readoutNoThai","* {n} long-tail words have no Thai yet — English shown instead.","* มี {n} คำที่ยังไม่มีภาษาไทย — แสดงภาษาอังกฤษแทน","",""
"P1","scope.tabPicker","Picker","เลือกเอง","",""
"P1","scope.tabJourney","Journey","เส้นทาง","",""
"P1","learn.exit","Exit","ออก","",""
"P1","learn.stillLearning","Still learning","ยังไม่แม่น","",""
"P1","learn.knowIt","Know it","รู้แล้ว","",""
"P1","learn.count","{done} done · {left} left","เรียนแล้ว {done} · เหลือ {left}","",""
"P1","learn.hintFront","tap to flip · HSK{lv} · in {ta}/{tt} papers","แตะเพื่อพลิก · HSK{lv} · พบใน {ta}/{tt} ชุดข้อสอบ","",""
"P1","learn.hintBack","tap to flip back","แตะเพื่อพลิกกลับ","",""
"P1","fc.noThai","no Thai yet","ยังไม่มีภาษาไทย","",""
"P1","results.roundOver","Word Quest complete","จบภารกิจคำศัพท์","",""
"P1","results.routeLabel","Village Gate journey","เส้นทางประตูหมู่บ้าน","",""
"P1","results.chapter","Chapter {n}","บทที่ {n}","",""
"P1","results.learnedTarget","{learned} / {target} words learned","เรียนรู้แล้ว {learned} / {target} คำ","",""
"P1","results.attempts","Attempts","ครั้งที่ตอบ","",""
"P1","results.accuracy","Accuracy","ความแม่นยำ","",""
"P1","results.lanterns","Lanterns","โคมไฟ","",""
"P1","results.rewardTitle","Lucky rewards","รางวัลนำโชค","",""
"P1","results.nextReviewPractice","Next: revisit your extra-practice words","ต่อไป: ทบทวนคำที่ต้องฝึกเพิ่ม","",""
"P1","results.nextReviewTomorrow","Your Lantern Trail continues tomorrow","เส้นทางโคมไฟของคุณดำเนินต่อพรุ่งนี้","",""
"P1","results.lanternAlt","Lit lantern","โคมไฟที่จุดแล้ว","",""
"P1","results.missed","Needed extra practice","คำที่ต้องฝึกเพิ่ม","",""
"P1","results.reviewWords","Review Words","ทบทวนคำ","",""
"P1","results.practiceMissed","Practice these words again","ฝึกคำเหล่านี้อีกครั้ง","",""
"P1","results.playAgain","Play again","เล่นอีกครั้ง","",""
"P1","results.home","Home","หน้าหลัก","",""
"P1","results.banked","+{score} coins banked · total {total}","+{score} เหรียญ · รวม {total}","",""
"P1","results.perfect","Perfect Word Quest! +{bonus} coin bonus","ภารกิจคำศัพท์สมบูรณ์แบบ! โบนัส +{bonus} เหรียญ","",""
"P1","results.levelUp","Level up! Lv {lv}","เลื่อนระดับ! Lv {lv}","",""
"P1","results.levelUpUnlocked","Level up! Lv {lv} — unlocked: {items}","เลื่อนระดับ! Lv {lv} — ปลดล็อก: {items}","",""
"P1","results.sub","{acc}% accuracy · {words} words · {key}","แม่นยำ {acc}% · {words} คำ · {key}","",""
"P1","results.bestTag","Best session!","สถิติใหม่!","",""
"P1","results.bestPrev","best {prev}","ดีที่สุด {prev}","",""
"P1","results.questComplete","Quest complete: {desc} +{reward} coins","เควสต์สำเร็จ: {desc} +{reward} เหรียญ","",""
"P1","quest.status.done","Done","สำเร็จ","",""
"P1","quest.status.open","Open","ยังไม่เสร็จ","",""
"P1","quest.reward","+{reward} coins","+{reward} เหรียญ","",""
"P1","quest.correct30","Answer 30 words correctly","ตอบถูก 30 คำ","",""
"P1","quest.combo5","Reach a ×5 learning streak","ทำจังหวะโชคดี ×5","",""
"P1","quest.boss1","Complete a Review Challenge","ผ่านด่านทบทวน","",""
"P1","quest.perfect1","Finish a Word Quest with no extra-practice words","จบภารกิจคำศัพท์โดยไม่มีคำที่ต้องฝึกเพิ่ม","",""
"P1","quest.review1","Play a Smart Review quest","เล่นภารกิจทบทวนอัจฉริยะ","",""
"P1","quest.learn20","Mark 20 flashcards as known","ทำเครื่องหมายรู้แล้ว 20 บัตร","",""
"P1","quest.monthly.title","Monthly: {done}/{target} quests","รายเดือน: {done}/{target} เควสต์","",""
"P1","quest.monthly.claim","Claim +{reward}","รับ +{reward}","",""
"P1","quest.monthly.badge","Monthly badge earned!","ได้เหรียญตรารายเดือนแล้ว!","",""
"P1","quest.monthly.autoClaimed","Monthly reward claimed for you: +{reward} coins","รับรางวัลรายเดือนให้คุณแล้ว: +{reward} เหรียญ","",""
"P1","results.newSticker","New sticker: {name}","สติกเกอร์ใหม่: {name}","",""
"P1","howto.title","How to play","วิธีเล่น","",""
"P1","howto.intro","Follow Lucky Cat along the <b>Lantern Trail</b>. Each stop presents a Chinese word with pinyin.","เดินไปกับแมวนำโชคตาม<b>เส้นทางโคมไฟ</b> แต่ละจุดจะแสดงคำศัพท์จีนพร้อมพินอิน","",""
"P1","howto.tapMeaning","Choose the <b>correct meaning</b> to light the next lantern. Consecutive first-try answers build Lucky Flow.","เลือก<b>ความหมายที่ถูกต้อง</b>เพื่อจุดโคมดวงถัดไป การตอบถูกครั้งแรกต่อเนื่องจะสร้างจังหวะโชคดี","",""
"P1","howto.oneShot","Missed words return.","คำที่พลาดจะกลับมา","",""
"P1","howto.oneShotDetail","A wrong tap reveals the answer and adds the word to your Review Pouch, so you can learn it when it returns.","หากแตะผิด เกมจะแสดงคำตอบและเพิ่มคำนั้นลงถุงทบทวน เพื่อให้คุณเรียนรู้อีกครั้งเมื่อคำนั้นกลับมา","",""
"P1","howto.tooSlow","If time runs out, the answer is revealed and the word returns soon. Your Word Quest continues until every planned word is learned.","หากหมดเวลา เกมจะแสดงคำตอบและนำคำนั้นกลับมาในไม่ช้า ภารกิจคำศัพท์จะดำเนินต่อจนคุณเรียนรู้ครบทุกคำที่วางไว้","",""
"P1","howto.reviewChallenge","Every tenth planned word becomes a <b>two-step Review Challenge</b>: meaning first, then reverse recall.","ทุกคำลำดับที่สิบจะเป็น<b>ด่านทบทวนสองขั้น</b>: เลือกความหมายก่อน แล้วนึกคำตอบย้อนกลับ","",""
"P1","howto.results","Finish every planned word to receive a results postcard with learned words, extra practice, rewards, and your next review.","เรียนรู้คำที่วางไว้ให้ครบเพื่อรับโปสการ์ดสรุปคำที่เรียน คำที่ต้องฝึกเพิ่ม รางวัล และการทบทวนครั้งถัดไป","",""
"P1","howto.everyWord","Every word shows <b>pinyin</b> and can be <b>heard aloud</b> — during the Word Quest, in flashcards, and in extra-practice review.","ทุกคำแสดง<b>พินอิน</b>และสามารถ<b>ฟังเสียงได้</b> — ทั้งระหว่างภารกิจคำศัพท์ ในบัตรคำ และตอนทบทวนคำที่ต้องฝึกเพิ่ม","",""
"P1","howto.learnMode","<b>Learn mode</b> drills the same word pool as flashcards first, so you can study, then play.","<b>โหมดเรียนรู้</b>ฝึกคลังคำเดียวกับบัตรคำก่อน เพื่อให้คุณได้ทบทวนก่อนเริ่มเล่น","",""
"P1","howto.attribution","Some example sentences from Tatoeba (tatoeba.org), CC-BY 2.0 FR.","ประโยคตัวอย่างบางส่วนจาก Tatoeba (tatoeba.org) สัญญาอนุญาต CC-BY 2.0 FR","",""
"P1","battle.round","Round {label}","รอบ {label}","",""
"P1","battle.wordQuest","Word Quest","ภารกิจคำศัพท์","",""
"P1","battle.routeName","Lantern Trail","เส้นทางโคมไฟ","",""
"P1","battle.reviewPouch","Review Pouch {n}","ถุงทบทวน {n}","",""
"P1","battle.learnedProgress","Learned {label}","เรียนแล้ว {label}","",""
"P1","battle.luckyFlow","Lucky Flow","จังหวะโชคดี","",""
"P1","battle.promptChoose","Choose the correct meaning to light the trail.","เลือกความหมายที่ถูกต้องเพื่อจุดโคมไฟบนเส้นทาง","",""
"P1","battle.promptMeaning","Choose the correct meaning to light the trail.","เลือกความหมายที่ถูกต้องเพื่อจุดโคมไฟบนเส้นทาง","",""
"P1","battle.promptListen","Listen, then choose the meaning you heard.","ฟังเสียง แล้วเลือกความหมายที่ได้ยิน","",""
"P1","battle.promptReverse","Choose the hanzi that matches the meaning.","เลือกอักษรจีนที่ตรงกับความหมาย","",""
"P1","battle.promptTone","Choose the correct pinyin and tone.","เลือกพินอินและวรรณยุกต์ที่ถูกต้อง","",""
"P1","battle.promptCloze","Choose the word that completes the sentence.","เลือกคำที่เติมประโยคให้สมบูรณ์","",""
"P1","battle.promptTyped","Type the pinyin letters, then choose any tones shown.","พิมพ์ตัวอักษรพินอิน แล้วเลือกวรรณยุกต์ที่แสดง","",""
"P1","battle.reviewChallengeIntro","Review Challenge · recall this word in two steps.","ด่านทบทวน · ทบทวนคำนี้ให้ครบสองขั้น","",""
"P1","battle.feedbackLearned","Lantern lit — this word is growing stronger.","จุดโคมไฟแล้ว — คุณจำคำนี้ได้ดีขึ้นอีกขั้น","",""
"P1","battle.feedbackReview","Added to your Review Pouch — you will see it again soon.","เพิ่มลงถุงทบทวนแล้ว — คุณจะได้พบคำนี้อีกในไม่ช้า","",""
"P1","battle.pause","Pause","หยุดชั่วคราว","",""
"P1","battle.paused","Paused","หยุดชั่วคราว","",""
"P1","battle.resume","Resume","เล่นต่อ","",""
"P1","battle.quit","Quit","ออก","",""
"P1","battle.wordAudio","Word audio","เสียงคำศัพท์","",""
"P1","battle.pinyin","Pinyin","พินอิน","",""
"P1","battle.on","On","เปิด","",""
"P1","battle.off","Off","ปิด","",""
"P1","battle.canvasLabel","Word Quest scene. Press Enter or Space to replay the word's audio (when available).","ฉากภารกิจคำศัพท์ กด Enter หรือ Space เพื่อฟังเสียงคำศัพท์อีกครั้ง (เมื่อเปิดให้ฟัง)","",""
"P1","battle.canvasWord","Current word: {h}, pinyin {p}. Press Enter or Space to replay its audio.","คำปัจจุบัน: {h} พินอิน {p} กด Enter หรือ Space เพื่อฟังเสียงอีกครั้ง","",""
"P1","battle.canvasHanzi","Current hanzi: {h}. Use the task below to recall its pinyin.","อักษรจีนปัจจุบัน: {h} ทำโจทย์ด้านล่างเพื่อนึกพินอิน","",""
"P1","battle.canvasListen","Listen-only word. Press Enter or Space to replay the audio, then choose its meaning.","โจทย์ฟังเสียง กด Enter หรือ Space เพื่อฟังซ้ำ แล้วเลือกความหมาย","",""
"P1","battle.canvasHidden","The answer is hidden for this recall task. Read the prompt and choices below.","โจทย์นี้ซ่อนคำตอบไว้ อ่านคำสั่งและตัวเลือกด้านล่าง","",""
"P1","battle.canvasRevealed","Answer revealed: {h}, pinyin {p}. Press Enter or Space to replay its audio.","เฉลย: {h} พินอิน {p} กด Enter หรือ Space เพื่อฟังเสียงอีกครั้ง","",""
"P1","battle.bossPrompt","Review Challenge · pick the hanzi for: {meaning}","ด่านทบทวน · เลือกตัวอักษรจีนของคำว่า: {meaning}","",""
"P1","battle.replay","Play it again","ฟังอีกครั้ง","",""
"P1","battle.reversePrompt","Pick the hanzi for: {meaning}","เลือกตัวอักษรจีนของคำว่า: {meaning}","",""
"P1","battle.introOk","Got it!","เข้าใจแล้ว!","",""
"P1","battle.introListen","New: listen first! Play the sound and tap the meaning you hear.","ใหม่: ฟังก่อนนะ! กดฟังเสียงแล้วแตะความหมายที่ได้ยิน","",""
"P1","battle.introReverse","New: you know this word — now pick its hanzi from the meaning!","ใหม่: คำนี้คุ้นแล้ว — เลือกตัวอักษรจีนจากความหมายเลย!","",""
"P1","battle.introTone","New: tone check! Tap the pinyin with the right tone marks.","ใหม่: เช็ควรรณยุกต์! แตะพินอินที่มีวรรณยุกต์ถูกต้อง","",""
"P1","battle.introCloze","New: fill the blank! Pick the word that completes the sentence.","ใหม่: เติมคำในช่องว่าง! เลือกคำที่ทำให้ประโยคสมบูรณ์","",""
"P1","battle.introTyped","Master level — now you type it!
1 · Type the pinyin letters
2 · Tap any tone selectors shown
3 · Press CHECK!","ด่านมาสเตอร์ — พิมพ์เองเลย!
1 · พิมพ์ตัวอักษรพินอิน
2 · แตะวรรณยุกต์ที่แสดง
3 · กด ตรวจคำตอบ!","",""
"P1","battle.typedPlaceholder","type the pinyin letters","พิมพ์ตัวอักษรพินอิน","",""
"P1","battle.typedGo","CHECK!","ตรวจคำตอบ!","",""
"P1","battle.typedLettersOk","letters right — check the tones!","ตัวอักษรถูกแล้ว — เช็ควรรณยุกต์!","",""
"P1","battle.typedTonesOk","tones right — check the spelling!","วรรณยุกต์ถูกแล้ว — เช็คตัวสะกด!","",""
"P1","battle.toneAria","tone {n} for {syl}","วรรณยุกต์ {n} ของ {syl}","",""
"P1","battle.instruction.meaning","Choose the correct meaning","เลือกความหมายที่ถูกต้อง","",""
"P1","battle.instruction.reverse","Choose the hanzi","เลือกตัวอักษรจีนที่ถูกต้อง","",""
"P1","battle.instruction.listen","Listen, then choose","ฟังแล้วเลือกความหมาย","",""
"P1","battle.instruction.tone","Choose the pinyin","เลือกพินอินที่ถูกต้อง","",""
"P1","battle.instruction.typed","Type the pinyin","พิมพ์พินอิน","",""
"P1","battle.instruction.cloze","Fill the blank","เติมคำในช่องว่าง","",""
"P1","battle.correct","Correct!","ถูกต้อง!","",""
"P1","tones.title","Tone Trainer","ฝึกวรรณยุกต์","",""
"P1","tones.instruction","Which tone did you hear?","คุณได้ยินวรรณยุกต์อะไร","",""
"P1","tones.replay","Play it again","ฟังอีกครั้ง","",""
"P1","tones.progress","{i} / {n}","{i} / {n}","",""
"P1","tones.tone1","1","1","",""
"P1","tones.tone2","2","2","",""
"P1","tones.tone3","3","3","",""
"P1","tones.tone4","4","4","",""
"P1","tones.toneAria","Tone {n}","วรรณยุกต์ {n}","",""
"P1","tones.roundDone","Round done!","จบรอบแล้ว!","",""
"P1","tones.score","{score} / {total} correct","ถูก {score} จาก {total}","",""
"P1","tones.bestStreak","Best streak: {n}","ต่อเนื่องสูงสุด {n} ครั้ง","",""
"P1","tones.reward","+{coins} coins · +{xp} XP","+{coins} เหรียญ · +{xp} XP","",""
"P1","tones.again","Play again","เล่นอีกครั้ง","",""
"P2","progress.levelRow","{pct} mastered · {seen}/{total} seen","{pct} เชี่ยวชาญ · พบแล้ว {seen}/{total} คำ","",""
"P2","milestone.scarf","Red scarf","ผ้าพันคอสีแดง","",""
"P2","milestone.coin","Gold coin charm","เครื่องรางเหรียญทอง","",""
"P2","milestone.outfit","Chinese outfit","ชุดจีน","",""
"P2","milestone.kitten","Kitten follower","ลูกแมวติดตาม","",""
"P2","milestone.emperor","Emperor crown","มงกุฎจักรพรรดิ","",""
"P2","nav.home","Home","หน้าหลัก","",""
"P2","nav.street","Street","ถนน","",""
"P2","nav.progress","Profile","โปรไฟล์","",""
"P2","nav.more","More","เพิ่มเติม","",""
"P2","more.tagline","Lucky Cat HSK — learn the words that actually appear on the test","Lucky Cat HSK — เรียนคำศัพท์ที่ออกข้อสอบจริง","",""
"P2","street.title","Lucky Cat Street","ถนนนำโชค","",""
"P2","street.captionEmpty","Lucky Cat Street — grows as you learn · {next}","ถนนนำโชค — เติบโตไปพร้อมการเรียนรู้ของคุณ · {next}","",""
"P2","street.captionProgress","{unlocked}/{total} buildings · {next}","{unlocked}/{total} อาคาร · {next}","",""
"P2","street.next","Next: Lv {lv} — {name}","ถัดไป: Lv {lv} — {name}","",""
"P2","street.allUnlocked","All buildings unlocked!","ปลดล็อกอาคารครบทุกหลังแล้ว!","",""
"P2","street.questsBtn","Quests","เควสต์","",""
"P2","journey.youAreHere","You are here","คุณอยู่ตรงนี้","",""
"P2","journey.nodeAll","HSK{lv} · All words","HSK{lv} · คำทั้งหมด","",""
"P2","journey.nodeTop","HSK{lv} · Top {n}","HSK{lv} · Top {n}","",""
"P2","journey.play","Play","เล่น","",""
"P2","progress.title","Profile","โปรไฟล์","",""
"P2","progress.needsWork","Needs work","ต้องฝึกเพิ่ม","",""
"P2","progress.reviewThese","Review these","ทบทวนคำเหล่านี้","",""
"P2","progress.practiceThese","Practice These","ฝึกคำเหล่านี้","",""
"P2","progress.nothing","Nothing needs work — go play!","ไม่มีคำที่ต้องฝึก — ไปเล่นกันเลย!","",""
"P2","profile.defaultName","Lucky Learner","นักเรียนแมวนำโชค","",""
"P2","profile.avatar","Profile picture for {name}","รูปโปรไฟล์ของ {name}","",""
"P2","profile.editName","Edit","แก้ไข","",""
"P2","profile.namePh","Player name","ชื่อผู้เล่น","",""
"P2","profile.saveName","Save","บันทึก","",""
"P2","profile.cancelName","Cancel","ยกเลิก","",""
"P2","profile.level","Lucky Cat · Lv {lv}","แมวนำโชค · Lv {lv}","",""
"P2","profile.xp","{into}/{need} XP toward the next level","{into}/{need} XP สู่เลเวลถัดไป","",""
"P2","profile.streak","{n}-day streak","สตรีค {n} วัน","",""
"P2","profile.coins","{n} coins","{n} เหรียญ","",""
"P2","profile.mastered","Words mastered","คำที่เชี่ยวชาญ","",""
"P2","profile.seen","Words seen","คำที่เคยเรียน","",""
"P2","profile.stickers","Stickers earned","สติกเกอร์ที่ได้รับ","",""
"P2","profile.cosmetics","Cosmetics owned","ของตกแต่งที่มี","",""
"P2","profile.collectionTitle","Your collection","คอลเลกชันของคุณ","",""
"P2","profile.collectionCount","{owned}/{total} cosmetics","ของตกแต่ง {owned}/{total}","",""
"P2","profile.stickerCount","{earned}/{total} stickers","สติกเกอร์ {earned}/{total}","",""
"P2","profile.skin","Cat: {name}","แมว: {name}","",""
"P2","profile.backdrop","Backdrop: {name}","ฉากหลัง: {name}","",""
"P2","profile.defaultCat","Default Cat","แมวเริ่มต้น","",""
"P2","profile.defaultBackdrop","Default","ค่าเริ่มต้น","",""
"P2","profile.viewCollection","View Collection","ดูคอลเลกชัน","",""
"P2","profile.viewAlbum","Sticker Album","อัลบั้มสติกเกอร์","",""
"P2","profile.learningTitle","Learning progress","ความคืบหน้าการเรียน","",""
"P2","progress.album","Sticker Album","อัลบั้มสติกเกอร์","",""
"P2","album.title","Sticker Album","อัลบั้มสติกเกอร์","",""
"P2","album.back","← Profile","← โปรไฟล์","",""
"P2","album.events","Events","อีเวนต์","",""
"P2","sticker.scopeName","HSK{lv} · Top {n}","HSK{lv} · Top {n}","",""
"P2","sticker.scopeHint","Master all Top {n} words of HSK{lv}","เชี่ยวชาญคำศัพท์ Top {n} ของ HSK{lv} ให้ครบ","",""
"P2","sticker.msName","HSK{lv} · {pct}%","HSK{lv} · {pct}%","",""
"P2","sticker.msHint","Master {pct}% of HSK{lv}","เชี่ยวชาญ {pct}% ของ HSK{lv}","",""
"P2","sticker.welcomeName","Welcome!","ยินดีต้อนรับ!","",""
"P2","sticker.welcomeHint","Finish your first session","จบเซสชันแรกของคุณ","",""
"P2","sticker.bossName","Challenge Champion","แชมป์ด่านทบทวน","",""
"P2","sticker.bossHint","Complete your first Review Challenge","ผ่านด่านทบทวนครั้งแรก","",""
"P2","sticker.streak7Name","7-Day Streak","สตรีค 7 วัน","",""
"P2","sticker.streak7Hint","Keep a 7-day study streak","รักษาสตรีคการเรียนต่อเนื่อง 7 วัน","",""
"P2","sticker.streak30Name","30-Day Streak","สตรีค 30 วัน","",""
"P2","sticker.streak30Hint","Keep a 30-day study streak","รักษาสตรีคการเรียนต่อเนื่อง 30 วัน","",""
"P2","sticker.monthlyName","Monthly Champion","แชมป์รายเดือน","",""
"P2","sticker.monthlyHint","Finish 40 quests in a month","ทำเควสต์สำเร็จ 40 ครั้งในหนึ่งเดือน","",""
"P2","shop.title","Shop","ร้านค้า","",""
"P2","shop.skins","Cat skins","สกินแมว","",""
"P2","shop.backdrops","Quest backdrops","ฉากหลัง","",""
"P2","shop.effects","Effects","เอฟเฟกต์","",""
"P2","shop.sounds","Sounds","เสียง","",""
"P2","shop.supplies","Supplies","ของใช้","",""
"P2","shop.street","Street decorations","ของตกแต่งถนน","",""
"P2","shop.wallet","Wallet: <b>{coins}</b> coins","กระเป๋าเงิน: <b>{coins}</b> เหรียญ","",""
"P2","shop.buy","Buy","ซื้อ","",""
"P2","shop.equip","Equip","ใช้งาน","",""
"P2","shop.equipped","Equipped","ใช้งานอยู่","",""
"P2","shop.coins","{coins} coins","{coins} เหรียญ","",""
"P2","shop.daily","Today's Stock","สินค้าวันนี้","",""
"P2","shop.dailyNote","New stock at midnight","อัปเดตสินค้าใหม่ตอนเที่ยงคืน","",""
"P2","shop.dailyAllOwned","All stocked up! Fresh finds at midnight 🌙","มีครบทุกชิ้นแล้ว! ของใหม่มาตอนเที่ยงคืน 🌙","",""
"P2","shop.season","Season Corner","มุมเทศกาล","",""
"P2","shop.seasonUntil","Available until {date}","มีถึง {date}","",""
"P2","shop.seasonReturns","🏮 {name} set returns {date}","🏮 เซ็ต {name} จะกลับมา {date}","",""
"P2","shop.upgrade","Upgrade {stars} ({coins})","อัปเกรด {stars} ({coins})","",""
"P2","shop.owned-count","Owned: {n}/{cap}","มีอยู่: {n}/{cap}","",""
"P2","shop.maxed","★★★","★★★","",""
"P2","season.summer","Summer","ฤดูร้อน","",""
"P2","season.midautumn","Mid-Autumn","ไหว้พระจันทร์","",""
"P2","season.cny","Lunar New Year","ตรุษจีน","",""
"P2","item.market","Night Market","ตลาดกลางคืน","",""
"P2","item.temple","Temple Dawn","วัดยามรุ่งอรุณ","",""
"P2","item.bamboo","Bamboo","ไผ่","",""
"P2","item.sakura-fx","Sakura Petals","กลีบซากุระ","",""
"P2","item.firecracker-fx","Firecrackers","ประทัด","",""
"P2","item.bells","Temple Bells","ระฆังวัด","",""
"P2","item.arcade","Arcade","อาร์เคด","",""
"P2","item.red-lantern","Red Lantern","โคมแดง","",""
"P2","item.noodle-stall","Noodle Stall","แผงก๋วยเตี๋ยว","",""
"P2","item.tea-sign","Tea Sign","ป้ายชา","",""
"P2","item.foo-dog","Foo Dog","สิงโตหิน","",""
"P2","item.golden-arch","Golden Arch","ซุ้มประตูทอง","",""
"P2","item.streak-freeze","Streak Freeze","น้ำแข็งพิทักษ์สตรีค","",""
"P2","item.streak-freeze.desc","Covers a missed day — your streak survives","ชดเชยวันที่ขาดเรียน — รักษาสตรีคของคุณไว้","",""
"P2","item.panda","Panda","แพนด้า","",""
"P2","item.ninja","Ninja","นินจา","",""
"P2","item.astronaut","Astronaut","นักบินอวกาศ","",""
"P2","item.harbor-night","Harbor Night","ท่าเรือยามค่ำคืน","",""
"P2","item.snow-festival","Snow Festival","เทศกาลหิมะ","",""
"P2","item.mahjong-table","Mahjong Table","โต๊ะไพ่นกกระจอก","",""
"P2","item.koi-pond","Koi Pond","บ่อปลาคาร์ป","",""
"P2","item.drum-tower","Drum Tower","หอกลอง","",""
"P2","item.bubble-tea","Bubble Tea Stand","ร้านชานมไข่มุก","",""
"P2","item.paper-umbrella","Paper Umbrella","ร่มกระดาษ","",""
"P2","item.goldfish-banner","Goldfish Banner","ธงปลาทอง","",""
"P2","item.neon-cat-sign","Neon Cat Sign","ป้ายไฟแมวนีออน","",""
"P2","item.lion-drum","Lion Dance Drum","กลองเชิดสิงโต","",""
"P2","item.star-shower","Star Shower","ฝนดาว","",""
"P2","item.beach","Beach Cat","แมวชายหาด","",""
"P2","item.island-sunset","Island Sunset","พระอาทิตย์ตกที่เกาะ","",""
"P2","item.shaved-ice-cart","Shaved-Ice Cart","รถเข็นน้ำแข็งไส","",""
"P2","item.mooncake-rabbit","Mooncake Rabbit","กระต่ายขนมไหว้พระจันทร์","",""
"P2","item.lantern-festival","Lantern Festival","เทศกาลโคมไฟ","",""
"P2","item.mooncake-stall","Mooncake Stall","แผงขนมไหว้พระจันทร์","",""
"P2","item.dragon","Dragon","มังกร","",""
"P2","item.dragon-gate","Dragon Gate","ประตูมังกร","",""
"P2","item.firecracker-arch","Firecracker Arch","ซุ้มประทัด","",""
"P2","building.lantern-post","Lantern Post","เสาโคมไฟ","",""
"P2","building.coin-bank","Coin Bank","ธนาคารเหรียญ","",""
"P2","building.tailor","Tailor Shop","ร้านตัดเสื้อ","",""
"P2","building.kitten-cafe","Kitten Café","คาเฟ่ลูกแมว","",""
"P2","building.emperor-gate","Emperor's Gate","ประตูจักรพรรดิ","",""
"P3","home.smart","Smart Review","ทบทวนอัจฉริยะ","",""
"P3","home.flashcards","Flashcards","บัตรคำ","",""
"P3","home.tones","Tone Trainer","ฝึกวรรณยุกต์","",""
"P3","home.tonesDisabledHint","Needs sound","ต้องเปิดเสียง","",""
"P3","home.shop","Shop","ร้านค้า","",""
"P3","home.best","Best Sessions","สถิติดีที่สุด","",""
"P3","home.progress","Progress","ความคืบหน้า","",""
"P3","home.howto","How to play","วิธีเล่น","",""
"P3","home.sound","Sound effects","เสียงประกอบ","",""
"P3","home.settings","Settings","ตั้งค่า","",""
"P3","home.streakTitle","Study Streak","เรียนต่อเนื่อง","",""
"P3","home.streakDays","{n} days","{n} วัน","",""
"P3","home.freezes","{n} freezes","น้ำแข็ง {n} ชิ้น","",""
"P3","home.freeze-one","1 freeze","น้ำแข็ง 1 ชิ้น","",""
"P3","home.start","START","เริ่ม","",""
"P3","home.startReview","REVIEW {n} DUE WORDS","ทบทวนคำที่ถึงกำหนด {n} คำ","",""
"P3","home.startHint","Need at least 8 words in scope to start — widen it below.","ต้องมีคำอย่างน้อย 8 คำในขอบเขตจึงจะเริ่มได้ — ขยายขอบเขตด้านล่าง","",""
"P3","home.scopeWords","{n} words","{n} คำ","",""
"P3","home.levelChip","Lv {lv}","Lv {lv}","",""
"P3","growth.title","Lucky Cat · Lv {lv}","แมวนำโชค · Lv {lv}","",""
"P3","growth.allUnlocked","All milestones unlocked!","ปลดล็อกครบทุกเป้าหมายแล้ว!","",""
"P3","common.playAudio","Play audio","เล่นเสียง","",""
"P3","common.close","Close","ปิด","",""
"P3","quests.title","Daily Quests","เควสต์ประจำวัน","",""
"P3","scores.title","Best Sessions","สถิติดีที่สุด","",""
"P3","scores.empty","No sessions yet — complete a Word Quest.","ยังไม่มีสถิติ — เล่นเควสต์คำศัพท์ก่อน","",""
"P3","common.backProfile","← Profile","← โปรไฟล์","",""
"P3","settings.sfxVol","SFX volume","ระดับเสียงเอฟเฟกต์","",""
"P3","settings.voiceVol","Pronunciation","ระดับเสียงอ่าน","",""
"P3","common.back","← Home","← หน้าหลัก","",""
"P3","common.backMore","← More","← เพิ่มเติม","",""
"P3","common.language","Language","ภาษา","",""
