hanzi,sentence,en
阿姨,阿姨在做饭。,Auntie is cooking.
啊,这里真漂亮啊！,This place is so beautiful!
矮,他比哥哥矮一点。,He is a bit shorter than his older brother.
爱吃鱼,我家的猫爱吃鱼。,My cat loves eating fish.
爱好,我的爱好是画画。,My hobby is painting.
爱看,我爱看电视。,I love watching TV.
安静,图书馆里很安静。,The library is very quiet.
八点半,现在是八点半。,It's half past eight now.
八五,这次考试他考了八五分。,He scored 85 points on this exam.
八一,八一那天学校放假。,School is closed on August first.
八月,八月的天气很热。,The weather in August is very hot.
爸,我爸是老师。,My dad is a teacher.
爸妈,我爸妈都很忙。,My dad and mom are both busy.
白衬衫,他穿着白衬衫。,He is wearing a white shirt.
白天,白天他在上班。,During the day he is at work.
白云,天上有白云。,There are white clouds in the sky.
班,我们班有三十个学生。,Our class has thirty students.
班上,班上有三十个学生。,There are thirty students in the class.
搬,我们下个月搬家。,We're moving house next month.
搬家,我们下个月搬家。,We are moving house next month.
办,这件事我来办。,I'll take care of this.
办法,这个办法很好。,This method is very good.
办公楼,他在办公楼工作。,He works in the office building.
办公室,他在办公室工作。,He works in the office.
半,现在是三点半。,It's three thirty now.
半个,我吃了半个苹果。,I ate half an apple.
半路,我们半路遇见了他。,We ran into him halfway there.
半年,我学汉语半年了。,I have studied Chinese for half a year.
半天,我等了他半天。,I waited for him for a long time.
帮忙,你能帮忙吗？,Can you help?
包,这个包很好看。,This bag is very nice.
饱,我今天吃得很饱。,I'm very full today.
北,学校在城市的北边。,The school is on the north side of the city.
北方,他来自中国北方。,He is from northern China.
北京西站,火车到北京西站了。,The train has arrived at Beijing West Station.
北门,我们在北门见面。,Let's meet at the north gate.
被,我的手机被他拿走了。,My phone was taken by him.
本词典,本词典很有用。,This dictionary is very useful.
本书,这本书很有意思。,This book is very interesting.
鼻子,他的鼻子很大。,His nose is very big.
比较简单,这个问题比较简单。,This question is relatively simple.
比赛,今天有足球比赛。,There's a football match today.
笔画,这个字笔画很多。,This character has many strokes.
笔记本,我买了一个笔记本。,I bought a notebook.
笔记本电脑,他有一台笔记本电脑。,He has a laptop computer.
必须,你必须马上回家。,You must go home right away.
边,他坐在我旁边。,He is sitting next to me.
边上,他坐在我边上。,He sits beside me.
变,天气变冷了。,The weather has turned cold.
变成,水变成了冰。,The water turned into ice.
变化,这个城市变化很大。,This city has changed a lot.
变化很大,这个城市变化很大。,This city has changed a lot.
表示,他表示同意我的想法。,He expressed agreement with my idea.
表演,孩子们的表演很好看。,The children's performance was great to watch.
别的,你还想要别的东西吗？,Do you want anything else?
别难过,别难过会好的。,"Don't be sad, it'll be okay."
别人,别人都在等你。,Everyone else is waiting for you.
冰箱,冰箱里有很多水果。,There is a lot of fruit in the refrigerator.
不吃,我今天不吃早饭。,I'm not eating breakfast today.
不但,他不但聪明而且努力。,He is not only smart but also hardworking.
不感兴趣,我对足球不感兴趣。,I'm not interested in soccer.
不好,今天天气不好。,The weather isn't good today.
不会,明天不会下雨。,It probably won't rain tomorrow.
不见,我们好久不见了。,We haven't seen each other in a long time.
不久,他不久就回来了。,He will be back before long.
不难,这道题不难。,This problem is not difficult.
不怕,我一点也不怕。,I'm not scared at all.
不让,妈妈不让我出去。,Mom doesn't let me go out.
不少,他有不少朋友。,He has quite a few friends.
不是,这不是我的书。,This is not my book.
不太好,我今天感觉不太好。,I don't feel too well today.
不同,我们的想法不同。,Our ideas are different.
不下雨,今天不下雨。,It's not raining today.
不要,不要在这里吃东西。,Don't eat here.
不用,你不用担心。,You don't need to worry.
不远,学校离我家不远。,The school isn't far from my house.
步,他走了几步。,He took a few steps.
才,他昨天才回来。,He only came back yesterday.
才能,他很有才能。,He is very talented.
菜单,服务员拿来了菜单。,The waiter brought the menu.
菜点,这里的菜点很好吃。,The dishes here are delicious.
参加,我想参加比赛。,I want to take part in the competition.
草,公园里的草很绿。,The grass in the park is very green.
草地上,孩子们在草地上跑。,The children are running on the lawn.
层,我家住在三层。,My family lives on the third floor.
查,我去查资料。,I'm going to look up some information.
查查,你查查这个词吧。,Please look up this word.
查字典,我不懂就查字典。,"When I don't understand, I look it up in the dictionary."
茶水,请喝一杯茶水。,Please have a cup of tea.
差,现在差五分钟到六点。,It's five minutes to six right now.
常,他常来我家。,He often comes to my house.
常有,这里常有游客。,There are often tourists here.
唱,她唱歌很好听。,She sings very well.
超市,妈妈去超市买菜。,Mom went to the supermarket to buy vegetables.
车站,车站离这儿不远。,The station isn't far from here.
衬衫,他穿了一件白衬衫。,He wore a white shirt.
成绩,他的成绩很好。,His grades are very good.
城,这座城很漂亮。,This city is very beautiful.
城市,北京是一个大城市。,Beijing is a big city.
城外,他住在城外。,He lives outside the city.
吃饱,我已经吃饱了。,I'm already full.
吃饭,我们一起吃饭吧。,Let's eat together.
吃药,你要按时吃药。,You need to take your medicine on time.
迟到,他今天又迟到了。,He was late again today.
出国,他打算明年出国工作。,He plans to go abroad to work next year.
出过,他去年出过国。,He went abroad last year.
出门,下雨了，别出门。,"It's raining, don't go out."
出门时,出门时请关灯。,Please turn off the lights when going out.
出现,天上出现了彩虹。,A rainbow appeared in the sky.
除了,"除了英语,我还会说汉语。","Besides English, I can also speak Chinese."
厨房,妈妈在厨房做饭。,Mom is cooking in the kitchen.
船票,我买了两张船票。,I bought two ship tickets.
船长,船长站在船上。,The captain stands on the ship.
春季,春季天气很好。,The weather is nice in spring.
春天,春天到了，花都开了。,"Spring has arrived, and the flowers have all bloomed."
词,这个词很难。,This word is difficult.
词典,我有一本词典。,I have a dictionary.
词语,这个词语很难。,This word is difficult.
聪明,这个孩子很聪明。,This child is very clever.
聪明人,他是一个聪明人。,He is a smart person.
从小,他从小喜欢画画。,He has liked drawing since he was little.
错过,我错过了火车。,I missed the train.
错过机会,别错过机会。,Don't miss the opportunity.
答题,学生们正在答题。,The students are answering the questions.
打车,下雨天我们打车去吧。,Let's take a taxi since it's raining.
打打球,我们去打打球吧。,Let's go play some ball.
打电话,我给妈妈打电话了。,I called my mom.
打篮球,他们在打篮球。,They are playing basketball.
打扫,我在打扫房间。,I'm cleaning the room.
打算,我打算去中国旅游。,I plan to travel to China.
大城市,北京是大城市。,Beijing is a major city.
大风,外面刮大风了。,There's a gale blowing outside.
大晴天,今天是大晴天。,Today is a sunny day.
大熊猫,大熊猫喜欢吃竹子。,Giant pandas like to eat bamboo.
大学老师,他是大学老师。,He is a university teacher.
大一岁,我比他大一岁。,I am one year older than him.
带,请带上你的护照。,Please bring your passport.
带来,他给我带来了礼物。,He brought me a gift.
担心,妈妈很担心我。,Mom is very worried about me.
蛋糕,妈妈做了蛋糕。,Mom made a cake.
当然,这个我当然知道。,Of course I know that.
到来,我们欢迎他的到来。,We welcome his arrival.
到时候,到时候我给你打电话。,I'll call you when the time comes.
道,你说的很有道理。,What you said makes a lot of sense.
地,书掉在地上了。,The book fell on the ground.
地方,这是个好地方。,This is a good place.
地铁,我坐地铁上班。,I take the subway to work.
地铁站,前面就是地铁站。,The subway station is just ahead.
地图,请给我一张地图。,Please give me a map.
的话,明天有空的话就来。,"If you're free tomorrow, come over."
等到,等到明天再说吧。,Let's wait until tomorrow to talk.
等会儿,你等会儿再走。,Wait a moment before you go.
低,这张桌子很低。,This table is low.
第二,这是我第二次来。,This is my second time here.
第二天,第二天他就走了。,He left the very next day.
第一次,这是我第一次来中国。,This is my first time coming to China.
第一个,他是第一个到的。,He was the first one to arrive.
电脑公司,他在电脑公司工作。,He works at a computer company.
电视节目,这个电视节目很好看。,This TV program is very good.
电梯,我们坐电梯上去。,Let's take the elevator up.
电子邮件,我给他发了电子邮件。,I sent him an email.
电子游戏,他喜欢玩电子游戏。,He likes playing video games.
东,太阳从东边出来。,The sun rises in the east.
东边,太阳从东边升起。,The sun rises from the east.
东门,我们在东门见面。,Let's meet at the east gate.
东西方,东西方文化不同。,Eastern and Western cultures are different.
冬天,冬天的北京很冷。,Beijing is very cold in winter.
动物,我喜欢小动物。,I like small animals.
动物园,周末我们去动物园。,We're going to the zoo this weekend.
读书,他喜欢在图书馆读书。,He likes to study in the library.
读音,这个字的读音是什么？,What's the pronunciation of this character?
短,这条路很短。,This road is very short.
短发,她剪了短发。,She got a short haircut.
锻炼,我每天锻炼一小时。,I exercise for an hour every day.
锻炼身体,他每天锻炼身体。,He exercises every day.
多分钟,我等了十多分钟。,I waited for more than ten minutes.
多久,你等了多久？,How long have you been waiting?
多块,这本书三十多块。,This book costs more than thirty yuan.
多么,今天多么开心啊！,How happy I am today!
多年,他们认识多年了。,They have known each other for many years.
多岁,他四十多岁了。,He is more than forty years old.
饿,我现在很饿。,I'm very hungry now.
而且,这件衣服漂亮而且便宜。,This piece of clothing is pretty and also cheap.
耳朵,我的耳朵不舒服。,My ear doesn't feel well.
发,我给他发了一条信息。,I sent him a message.
发烧,孩子昨天发烧了。,The child had a fever yesterday.
发现,我发现了一个问题。,I discovered a problem.
方便,坐地铁很方便。,Taking the subway is very convenient.
房卡,请给我房卡。,Please give me the room card.
放,请把书放在桌子上。,Please put the book on the table.
放到,请把书放到桌子上。,Please put the book on the table.
放进去,把钱放进去。,Put the money in.
放开,请放开我的手。,Please let go of my hand.
放心,你放心吧，没问题。,"Don't worry, there's no problem."
放在,请把书放在桌子上。,Please put the book on the table.
飞,小鸟飞走了。,The little bird flew away.
分钱,这个东西才五分钱。,This thing only costs five cents.
风,外面风很大。,The wind is strong outside.
夫妻,他们是一对夫妻。,They are a married couple.
附近,附近有一个公园。,There's a park nearby.
复习,我在复习汉语。,I'm reviewing Chinese.
该,你该回家了。,You should go home now.
该换,这双鞋该换了。,These shoes should be replaced.
敢,我不敢一个人去。,I don't dare to go alone.
感冒,我今天感冒了。,I caught a cold today.
感兴趣,我对汉语感兴趣。,I'm interested in Chinese.
干干净净,房间打扫得干干净净。,The room was cleaned spotlessly.
干净,房间很干净。,The room is very clean.
刚,他刚才出门了。,He just went out a moment ago.
刚才,刚才谁在打电话？,Who was calling just now?
高高的,他长得高高的。,He is quite tall.
歌舞,他们在表演歌舞。,They are performing songs and dances.
个子,他的个子很高。,He is tall.
给我发,请给我发短信。,Please send me a text message.
根据,根据规定不能抽烟。,"According to the rules, smoking isn't allowed."
跟,我跟他一起去。,I'm going with him.
更,今天比昨天更热。,Today is even hotter than yesterday.
更好,这个办法更好。,This method is better.
更是,这个季节更是漂亮。,This season is even more beautiful.
公斤,这个包三公斤重。,This bag weighs three kilograms.
公园,我们在公园散步。,We're taking a walk in the park.
共有,我们班共有三十人。,Our class has thirty people in total.
刮,外面刮风了。,It's windy outside.
刮风,外面刮风了。,It's windy outside.
关,请关上窗户。,Please close the window.
关灯,睡觉前要关灯。,You should turn off the light before sleeping.
关上,请把门关上。,Please close the door.
关心,老师很关心学生。,The teacher cares a lot about the students.
关于,这是一本关于中国的书。,This is a book about China.
广州市,他住在广州市。,He lives in Guangzhou.
国家,中国是一个大国家。,China is a big country.
国家图书馆,我常去国家图书馆看书。,I often go to the national library to read.
国外,他在国外工作。,He works abroad.
果,考试结果很好。,The exam result was good.
果汁,我喜欢喝果汁。,I like to drink fruit juice.
过节,我们回家过节。,We go home for the festival.
过来,你过来看看。,Come over and take a look.
过去,过去他很瘦。,In the past he was thin.
过生日,今天我过生日。,Today is my birthday.
还给,我把书还给他了。,I returned the book to him.
还好,今天天气还好。,The weather is pretty good today.
还是,你还是去医院吧。,You'd better go to the hospital.
还要,我还要买一些水果。,I also need to buy some fruit.
还有,桌子上还有苹果。,There are still apples on the table.
害怕,我很害怕小狗。,I'm very afraid of dogs.
好不好,我们去公园，好不好？,"Let's go to the park, all right?"
好极了,这个主意好极了！,This idea is wonderful!
好几百年,这座城市有好几百年历史。,This city has several hundred years of history.
好几个,桌子上有好几个苹果。,There are quite a few apples on the table.
好了吗,你准备好了吗？,Are you ready yet?
好听,这首歌很好听。,This song sounds very nice.
喝杯,我们喝杯茶吧。,Let's have a cup of tea.
喝茶,他喜欢喝茶。,He likes to drink tea.
喝酒,他不喜欢喝酒。,He doesn't like to drink alcohol.
喝咖啡,我早上喜欢喝咖啡。,I like to drink coffee in the morning.
喝牛奶,小孩子每天喝牛奶。,Children drink milk every day.
喝啤酒,他晚上喝啤酒。,He drinks beer in the evening.
喝水,多喝水对身体好。,Drinking more water is good for your health.
河,这条河很长。,This river is very long.
河边,我们在河边散步。,We take a walk by the river.
河里,河里有很多鱼。,There are many fish in the river.
黑板,老师在黑板上写字。,The teacher writes on the blackboard.
很矮,那个男孩很矮。,That boy is very short.
很大,这个房间很大。,This room is very big.
很多,公园里有很多花。,There are many flowers in the park.
很多年,他们认识很多年了。,They've known each other for many years.
很快,他跑得很快。,He runs very fast.
很慢,这辆车开得很慢。,This car drives very slowly.
很胖,那只猫很胖。,That cat is very fat.
很漂亮,这条裙子很漂亮。,This skirt is very beautiful.
很少,他很少迟到。,He is rarely late.
很瘦,她最近很瘦。,She's been very thin lately.
很小,这只猫很小。,This cat is very small.
很着急,妈妈很着急。,Mom is very anxious.
红茶,我喜欢喝红茶。,I like drinking black tea.
红酒,这瓶红酒很好喝。,This red wine tastes great.
红葡萄酒,他喜欢喝红葡萄酒。,He likes drinking red wine.
后来,后来他去了北京。,Afterwards he went to Beijing.
护照,出国要带护照。,You need to bring your passport when going abroad.
花,她买了一束花。,She bought a bunch of flowers.
花茶,我喜欢喝花茶。,I like to drink scented tea.
花儿,花园里的花儿很美。,The flowers in the garden are beautiful.
花园,我们在花园散步。,We are taking a walk in the garden.
花园里,孩子们在花园里玩。,The children are playing in the garden.
化,冰化成了水。,The ice turned into water.
画,弟弟喜欢画画。,My little brother likes to draw.
画儿,墙上挂着一张画儿。,A picture hangs on the wall.
画画,我喜欢画画。,I like drawing.
坏,我的手机坏了。,My phone is broken.
环境,这里的环境很好。,The environment here is very good.
换,我想换一件衣服。,I want to change my clothes.
黄,这朵花是黄色的。,This flower is yellow.
黄河,黄河是中国的大河。,The Yellow River is a great river of China.
回国,他明年回国。,He is returning to his home country next year.
回家,我六点回家。,I go home at six.
会上,老师在会上讲话。,The teacher spoke at the meeting.
会议,明天有一个会议。,There's a meeting tomorrow.
会议室,会议室里有很多人。,There are many people in the meeting room.
火,厨房里着火了。,There's a fire in the kitchen.
火车票,我买了一张火车票。,I bought a train ticket.
或者,你可以喝茶或者喝咖啡。,You can drink tea or coffee.
机会,这是个好机会。,This is a good opportunity.
机票,我买了机票。,I bought a plane ticket.
鸡肉,我喜欢吃鸡肉。,I like eating chicken.
级,他是三年级学生。,He is a third-grade student.
极了,这个蛋糕好吃极了。,This cake is extremely delicious.
几本书,我买了几本书。,I bought a few books.
几点,现在几点了？,What time is it now?
几个,桌子上有几个苹果。,There are a few apples on the table.
几乎,我几乎忘了他的名字。,I almost forgot his name.
几年,我住了几年了。,I've lived here for a few years.
几千年,这座城有几千年历史。,This city has a history of several thousand years.
几天,我要在这儿住几天。,I'm going to stay here for a few days.
己,他对自己没信心。,He has no confidence in himself.
记,请记住我的电话号码。,Please remember my phone number.
记错,我记错时间了。,I got the time wrong.
记住,请记住我的话。,Please remember what I said.
季,一年有四季。,There are four seasons in a year.
季节,春天是我喜欢的季节。,Spring is my favorite season.
间,房间很干净。,The room is very clean.
检查,医生给我检查身体。,The doctor examined my body.
检查一下,让医生检查一下吧。,Let the doctor check it out.
简单,这道题很简单。,This problem is simple.
见面,我们明天见面吧。,Let's meet tomorrow.
健康,运动对健康很好。,Exercise is good for health.
讲,老师讲得很清楚。,The teacher explains very clearly.
讲讲,你给我们讲讲吧。,Please tell us a little about it.
角,桌子有四个角。,The table has four corners.
脚,我的脚有点疼。,My foot hurts a little.
脚下,小狗在我脚下睡觉。,The puppy is sleeping at my feet.
叫声,我听到狗的叫声。,I heard the dog's bark.
较,这个比较贵。,This one is relatively expensive.
教,他信什么教？,What religion does he believe in?
接,妈妈去机场接我。,Mom is going to the airport to pick me up.
接到,我接到了一个电话。,I received a phone call.
接着,他接着讲故事。,He continued telling the story.
街,这条街很热闹。,This street is very lively.
街道,这条街道很热闹。,This street is very lively.
街上,街上有很多人。,There are many people on the street.
节目,这个节目很有意思。,This program is very interesting.
节目单,请给我一张节目单。,Please give me a program list.
节日,春节是中国重要的节日。,Spring Festival is an important Chinese holiday.
结婚,他们打算明年结婚。,They plan to get married next year.
结束,比赛已经结束了。,The match has already ended.
姐弟,他们是姐弟。,They are older sister and younger brother.
解,他解开了绳子。,He untied the rope.
解决,这个问题很难解决。,This problem is hard to solve.
解决问题,我们一起解决问题。,Let's solve the problem together.
借,我想跟你借点钱。,I want to borrow some money from you.
借给,我把书借给他了。,I lent the book to him.
借回来,他把书借回来了。,He borrowed the book back.
今,从今以后我要努力学习。,"From now on, I will study hard."
今晚,今晚我们一起吃饭。,Let's have dinner together tonight.
进水,我的鞋子进水了。,My shoes got water in them.
经,我们经过公园。,We pass by the park.
经常,他经常迟到。,He is often late.
经过,我每天经过这个公园。,I pass by this park every day.
经理,他是我们的经理。,He is our manager.
久,我等了很久。,I waited for a long time.
久远,这段历史很久远。,This history goes back a very long way.
酒,他不喜欢喝酒。,He doesn't like drinking alcohol.
旧,这件衣服很旧。,This piece of clothing is old.
就让,就让他去吧。,Just let him go.
就是,这就是我要的答案。,This is exactly the answer I want.
就要,火车就要到了。,The train will arrive soon.
举行,学校明天举行比赛。,The school will hold a competition tomorrow.
句,请再说一句。,Please say one more sentence.
句子,这个句子很简单。,This sentence is very simple.
决定,我决定去中国。,I've decided to go to China.
开班,学校开班教汉语。,The school started a class to teach Chinese.
开车,他开车去上班。,He drives to work.
开会,经理正在开会。,The manager is in a meeting.
开了个,他们开了个店。,They opened a shop.
开门,商店九点开门。,The store opens at nine.
看不清,我看不清黑板。,I can't see the blackboard clearly.
看不清楚,字太小看不清楚。,The text is too small to see clearly.
看到,我在路上看到他了。,I saw him on the road.
看得远,站得高看得远。,Standing higher lets you see farther.
看电视,我喜欢看电视。,I like watching TV.
看来,看来要下雨了。,It looks like it's going to rain.
看起来,他看起来很累。,He looks very tired.
看清楚,请你看清楚地图。,Please look at the map clearly.
看球赛,我们一起看球赛。,Let's watch the ball game together.
看上去,她看上去很累。,She looks very tired.
看书,我喜欢在家看书。,I like reading at home.
看一看,让我看一看。,Let me have a look.
考试成绩,他的考试成绩很好。,His exam results are very good.
可爱,这只小猫真可爱。,This little cat is really cute.
渴,我很渴，想喝水。,I'm very thirsty and want to drink water.
客人,家里来了很多客人。,Many guests came to the house.
空调,房间里有空调。,There's air conditioning in the room.
口渴,我现在很口渴。,I'm very thirsty right now.
哭,妹妹一个人在哭。,My little sister is crying alone.
裤子,这条裤子太长了。,These pants are too long.
块钱,这本书十块钱。,This book costs ten yuan.
快点儿,你快点儿走。,Hurry up and go.
快好了,晚饭快好了。,Dinner is almost ready.
筷子,我用筷子吃饭。,I eat with chopsticks.
来说,对我来说很难。,It's hard for me.
蓝,她喜欢蓝色。,She likes blue.
蓝色,天空是蓝色的。,The sky is blue.
蓝天,外面是蓝天白云。,"Outside, it's blue sky and white clouds."
老,他家的猫很老了。,His family's cat is very old.
老房子,这是一座老房子。,This is an old house.
老歌,妈妈喜欢听老歌。,Mom likes listening to old songs.
老话,这是一句老话。,This is an old saying.
老李,老李是我的邻居。,Old Li is my neighbor.
老年人,公园里有很多老年人。,There are many elderly people in the park.
老朋友,他是我的老朋友。,He is my old friend.
老人,公园里有很多老人。,There are many elderly people in the park.
老王,老王是我同事。,Old Wang is my colleague.
乐,他今天很快乐。,He is very happy today.
了解,我想了解你。,I want to get to know you.
累坏,今天真是累坏了。,I'm really exhausted today.
离开,他明天要离开北京。,He is leaving Beijing tomorrow.
礼物,这是给你的生日礼物。,This is a birthday present for you.
李经理,李经理在开会。,Manager Li is in a meeting.
李先生,李先生是我的老师。,Mr. Li is my teacher.
李小姐,李小姐是老师。,Miss Li is a teacher.
历史,我喜欢历史课。,I like history class.
脸,他的脸很红。,His face is very red.
脸色,你今天脸色不好。,You don't look well today.
练,我每天练汉字。,I practice Chinese characters every day.
练习,我每天练习汉语。,I practice Chinese every day.
练习题,老师给了很多练习题。,The teacher gave a lot of practice questions.
两包,他买了两包烟。,He bought two packs of cigarettes.
两边,路的两边都是树。,There are trees on both sides of the road.
两层,这座房子有两层。,This house has two floors.
两点,现在是两点。,It's two o'clock now.
两个,我要两个苹果。,I want two apples.
两辆车,他家有两辆车。,His family has two cars.
两年,他学了两年英语。,He studied English for two years.
两三,我有两三个朋友。,I have two or three friends.
两天,我休息了两天。,I rested for two days.
两万人,这座城市有两万人。,This city has twenty thousand people.
两只,她养了两只猫。,She keeps two cats.
亮,房间里很亮。,The room is very bright.
辆,他买了一辆车。,He bought a car.
辆车,他买了一辆车。,He bought a car.
聊聊天,我们聊聊天吧。,Let's chat for a bit.
聊天儿,我们喜欢聊天儿。,We like chatting.
邻居,他是我的邻居。,He is my neighbor.
零钱,我没有零钱了。,I don't have any small change.
留学,她去美国留学。,She went to study abroad in the US.
留学生,他是一名留学生。,He is an international student.
楼梯,小心楼梯很滑。,"Be careful, the stairs are slippery."
楼下,他在楼下等你。,He's waiting for you downstairs.
绿,树叶是绿色的。,The leaves are green.
绿草,公园里有绿草。,There is green grass in the park.
绿茶,我每天喝绿茶。,I drink green tea every day.
绿色,我喜欢绿色的衣服。,I like green clothes.
妈,妈，我回来了。,"Mom, I'm home."
马,他骑着一匹马。,He is riding a horse.
马上,我马上就到。,I'll be there right away.
买车,他打算买车。,He plans to buy a car.
买点儿,我去买点儿水果。,I'm going to buy some fruit.
买卖,他做买卖多年了。,He has been in business for many years.
买票,我们去买票吧。,Let's go buy tickets.
卖房子,他打算卖房子。,He plans to sell his house.
满意,老师对我很满意。,The teacher is very satisfied with me.
慢点儿,你说话慢点儿。,Speak a bit slower.
慢慢,请你慢慢说。,Please speak slowly.
慢慢来,别着急，慢慢来。,"Don't rush, take your time."
忙不过来,我最近忙不过来。,I've had more than I can handle lately.
帽子,他戴着一顶红帽子。,He is wearing a red hat.
没人接,电话没人接。,No one answered the phone.
没什么,没什么好担心的。,There's nothing to worry about.
没事,这真的没事。,This really doesn't matter.
没想到,我没想到他会来。,I didn't expect him to come.
每次,每次见面都很开心。,I'm happy every time we meet.
每个,每个人都来了。,Everyone came.
每年,我们每年都去旅行。,We travel every year.
每天,我每天都跑步。,I run every day.
每天晚上,我每天晚上看书。,I read books every evening.
门口,他在门口等我。,He is waiting for me at the doorway.
门票,门票多少钱？,How much is the ticket?
门前,门前有一棵树。,There's a tree in front of the door.
米,这张桌子长两米。,This table is two meters long.
面包,我早饭吃面包。,I eat bread for breakfast.
面前,老师站在我们面前。,The teacher stands in front of us.
面试,明天我要去面试。,Tomorrow I have a job interview.
名单,老师有学生名单。,The teacher has a list of students' names.
名人,他是一位名人。,He is a celebrity.
明,星星很明亮。,The stars are very bright.
明白,我明白你的意思。,I understand what you mean.
目,她的目光很温柔。,Her gaze is very gentle.
拿,请帮我拿一下书。,Please help me get the book.
拿出,他从包里拿出书。,He took a book out of his bag.
拿回去,请把这些拿回去。,Please take these back.
哪些,你喜欢哪些水果？,Which fruits do you like?
那本书,那本书很有意思。,That book is very interesting.
那件事,那件事我知道了。,I know about that matter.
那里,我们去那里看看。,Let's go take a look there.
那么,天气怎么那么冷？,Why is the weather so cold?
那时,那时我还很小。,I was still very young then.
那双,那双鞋是我的。,That pair of shoes is mine.
那天,那天我很高兴。,I was very happy that day.
那条,那条河很长。,That river is very long.
那位,那位老师很好。,That teacher is very good.
那种,我不喜欢那种颜色。,I don't like that kind of color.
奶奶,奶奶今年七十岁了。,Grandma is seventy years old this year.
南,他从南边来。,He came from the south.
南方,我家在南方。,My home is in the south.
南京,我去过南京。,I have been to Nanjing.
南京旅游,我们去南京旅游。,We went to Nanjing for a trip.
难,这个问题很难。,This question is very difficult.
难过,听到这个消息她很难过。,She felt very sad when she heard the news.
难忘,那是难忘的一天。,That was an unforgettable day.
你好,他对我说你好。,He said hello to me.
你家,你家在哪儿？,Where is your home?
年级,他是三年级学生。,He is a third-grade student.
年票,我买了一张年票。,I bought an annual pass.
年轻,她看起来很年轻。,She looks very young.
年轻人,很多年轻人喜欢跑步。,Many young people like running.
鸟,树上有一只鸟。,There is a bird in the tree.
您好,您好，请问怎么走？,"Hello, excuse me, how do I get there?"
努力,他学习很努力。,He studies very hard.
爬,他喜欢爬山。,He likes climbing mountains.
爬山,周末我们去爬山。,We're going hiking this weekend.
怕,小孩子怕黑。,The child is afraid of the dark.
盘子,桌子上有一个盘子。,There is a plate on the table.
胖,他比以前胖了。,He is fatter than before.
跑跑步,我们去跑跑步吧。,Let's go for a run.
朋友家,我在朋友家吃饭。,I'm eating at my friend's house.
皮鞋,他买了新皮鞋。,He bought new leather shoes.
啤酒,爸爸喜欢喝啤酒。,Dad likes to drink beer.
啤酒节,我们去参加啤酒节。,We're going to the Beer Festival.
苹,我想吃一个苹果。,I want to eat an apple.
苹果汁,他喜欢喝苹果汁。,He likes to drink apple juice.
瓶,桌上有一瓶水。,There's a bottle of water on the table.
葡萄,我喜欢吃葡萄。,I like eating grapes.
普通,他是一个普通人。,He is an ordinary person.
普通话,他普通话说得很好。,He speaks Mandarin very well.
七八年,他学了七八年汉语。,He has studied Chinese for seven or eight years.
七个,桌上有七个苹果。,There are seven apples on the table.
其实,其实我不喜欢咖啡。,"Actually, I don't like coffee."
其他,我没有其他问题了。,I don't have any other questions.
奇怪,这件事很奇怪。,This matter is very strange.
骑,他每天骑车上班。,He rides a bike to work every day.
骑车,我每天骑车上班。,I ride a bike to work every day.
骑马,我们在草原上骑马。,We rode horses on the grassland.
起飞,飞机马上要起飞了。,The plane is about to take off.
起风,外面起风了。,It's getting windy outside.
千种,这里有千种商品。,There are a thousand kinds of goods here.
铅笔画,这是一张铅笔画。,This is a pencil drawing.
前来,他前来看我们。,He came to see us.
前两天,前两天下雨了。,It rained a couple of days ago.
前年,我前年去过中国。,I went to China the year before last.
钱包,我的钱包丢了。,I lost my wallet.
清楚,老师说得很清楚。,The teacher explained very clearly.
请假,他今天请假了。,He took a day off today.
请问,请问洗手间在哪儿？,"Excuse me, where is the restroom?"
秋季,秋季的树叶很漂亮。,The autumn leaves are very beautiful.
秋天,秋天的天气很凉快。,The weather in autumn is nice and cool.
裙子,她穿了一条新裙子。,She wore a new skirt.
然后,先吃饭然后睡觉。,"Eat first, then go to sleep."
热茶,冬天喝热茶很舒服。,Drinking hot tea in winter feels great.
热情,服务员对客人很热情。,The waiter is very warm to guests.
热水,请给我一杯热水。,Please give me a cup of hot water.
认,我认识他很多年了。,I've known him for many years.
认出来,我一眼就认出来了。,I recognized him at a glance.
认为,我认为这个办法很好。,I think this method is good.
认真,他学习很认真。,He studies very diligently.
认真完成,他认真完成了作业。,He carefully finished his homework.
认真做事,他认真做事。,He works conscientiously.
容易,这个问题很容易。,This problem is easy.
如果,如果下雨我们就不去。,"If it rains, we won't go."
三点,现在是三点。,It's three o'clock now.
三分钟,请等我三分钟。,Please wait three minutes for me.
三个,我买了三个苹果。,I bought three apples.
伞,下雨了，请带伞。,"It's raining, please bring an umbrella."
色,我喜欢红色。,I like the color red.
山,那座山很高。,That mountain is very tall.
山路,这条山路很难走。,This mountain road is hard to walk.
山上,山上有很多树。,There are many trees on the mountain.
商场,我们去商场买衣服。,We went to the mall to buy clothes.
上边,书在桌子上边。,The book is on top of the table.
上次,上次我们去了公园。,Last time we went to the park.
上个星期,上个星期我很忙。,Last week I was very busy.
上个月,上个月我去了上海。,Last month I went to Shanghai.
上楼,请跟我上楼吧。,Please come upstairs with me.
上网,我每天上网学习。,I go online to study every day.
上下,他五十岁上下。,He is about fifty years old.
上一年,上一年他去了美国。,Last year he went to America.
上周末,上周末我在家休息。,Last weekend I rested at home.
少见,这种情况很少见。,This kind of situation is rare.
身,他身体很好。,He is in good health.
什么样,你想要什么样的手机？,What kind of phone do you want?
生气,你别再生气了。,Don't be angry anymore.
生日礼物,这是我的生日礼物。,This is my birthday present.
声音,她的声音很好听。,Her voice sounds very nice.
师生,师生们一起吃饭。,The teachers and students eat together.
十年,他们结婚十年了。,They have been married for ten years.
十五,我今年十五岁。,I am fifteen years old this year.
使,这个消息使她很高兴。,This news made her very happy.
世界,我想去看看世界。,I want to go see the world.
市,这是一座大城市。,This is a big city.
事后,事后他很后悔。,"Afterwards, he regretted it a lot."
试试,你可以试试。,You can give it a try.
是不是,你是不是学生？,Are you a student or not?
是因为,他迟到是因为堵车。,He was late because of traffic.
手,他举起了手。,He raised his hand.
手中,他手中拿着一本书。,He is holding a book in his hand.
瘦,她最近瘦了很多。,She has gotten a lot thinner recently.
书本,学生要爱护书本。,Students should take good care of their books.
书桌下,猫躲在书桌下。,The cat is hiding under the desk.
叔叔,叔叔在北京工作。,Uncle works in Beijing.
舒服,这张床很舒服。,This bed is very comfortable.
树,门前有一棵大树。,There is a big tree in front of the door.
树上,树上有很多鸟。,There are many birds in the tree.
数学,我的数学成绩不错。,My math grades are pretty good.
数学课,我们下午有数学课。,We have math class this afternoon.
数学题,这道数学题很难。,This math problem is very hard.
刷,他每天刷牙两次。,He brushes his teeth twice a day.
刷牙,睡觉前要刷牙。,You should brush your teeth before bed.
双,我有一双新鞋。,I have a new pair of shoes.
水平,他的汉语水平很高。,His Chinese level is very high.
睡着,孩子已经睡着了。,The child has already fallen asleep.
司,他在一家公司工作。,He works at a company.
司机,我爸爸是司机。,My dad is a driver.
送到,快递已经送到了。,The package has already been delivered.
送给,我把礼物送给她。,I gave the gift to her.
送礼物,我要送礼物给她。,I want to give her a gift.
他家,他家离学校很近。,His home is close to the school.
它们,我有两只猫，它们很可爱。,I have two cats; they are very cute.
她家,她家离学校很近。,Her home is close to school.
太饱,我吃得太饱了。,I ate too much and I'm too full.
太短,这条裤子太短了。,These pants are too short.
太好了,太好了，我们赢了！,"Great, we won!"
太旧,这辆车太旧了。,This car is too old.
太胖,他觉得自己太胖了。,He thinks he's too fat.
太小,这件衣服太小了。,This piece of clothing is too small.
太阳,今天太阳很大。,The sun is very strong today.
太阳镜,他戴着太阳镜。,He's wearing sunglasses.
糖,孩子喜欢吃糖。,Children like eating sweets.
特,这个礼物很特别。,This gift is very special.
特别,这道菜特别好吃。,This dish is especially delicious.
疼,我的头很疼。,My head hurts a lot.
踢足球,他每天下午踢足球。,He plays football every afternoon.
提高,他想提高汉语水平。,He wants to improve his Chinese level.
体,他的身体很好。,His health is very good.
体育,我喜欢体育课。,I like PE class.
体育馆,我们在体育馆打球。,We play ball at the gym.
体育新闻,我喜欢看体育新闻。,I like watching sports news.
天冷,天冷了，要穿外套。,"It's cold now, you should wear a coat."
天阴,天阴了，好像要下雨。,"The sky is overcast, it looks like it will rain."
甜,这个西瓜很甜。,This watermelon is very sweet.
条,我买了一条鱼。,I bought a fish.
听懂,我听懂了老师的话。,I understood what the teacher said.
听歌,我喜欢听歌。,I like listening to music.
同事,他是我的同事。,He is my colleague.
同一个,我们在同一个班。,We are in the same class.
同意,我同意你的看法。,I agree with your opinion.
头发,她的头发很长。,Her hair is very long.
突然,天突然下雨了。,It suddenly started to rain.
图书馆,我们去图书馆看书。,Let's go to the library to read.
腿,他的腿很疼。,His leg hurts a lot.
腿脚,奶奶的腿脚还很好。,Grandma's legs are still strong.
腿疼,我腿疼，不想走路。,"My leg hurts, I don't want to walk."
外,猫在门外叫。,The cat is meowing outside the door.
完成,他已经完成作业了。,He has already finished his homework.
玩,孩子们在公园玩。,The children are playing in the park.
碗,桌子上有一个碗。,There is a bowl on the table.
碗筷,妈妈在洗碗筷。,Mom is washing the bowls and chopsticks.
万,这座城市有一万人。,This city has ten thousand people.
万年前,这是万年前的石头。,This is a stone from ten thousand years ago.
王经理,王经理在开会。,Manager Wang is in a meeting.
王小姐,王小姐是我朋友。,Miss Wang is my friend.
网上,我在网上买东西。,I buy things online.
忘,我忘了他的名字。,I forgot his name.
忘带,我忘带手机了。,I forgot to bring my phone.
忘记,我忘记他的名字了。,I forgot his name.
为了,为了健康他每天跑步。,"For the sake of his health, he runs every day."
为什么,你为什么不高兴？,Why are you unhappy?
位,这个位置很好。,This location is quite good.
文,他每天学中文。,He studies Chinese every day.
文化,我喜欢中国文化。,I like Chinese culture.
文化节,学校举办文化节。,The school is holding a culture festival.
闻,我闻到了花香。,I smelled the fragrance of flowers.
问路,他向我问路。,He asked me for directions.
我家,我家离学校很近。,My home is close to the school.
五颜六色,花园里的花五颜六色。,The flowers in the garden are multicolored.
舞,她跳舞跳得很好。,She dances very well.
西,太阳从西边落下。,The sun sets in the west.
西边,太阳从西边落下。,The sun sets in the west.
习惯,我习惯早起。,I'm used to getting up early.
洗过澡,我已经洗过澡了。,I've already taken a shower.
洗脸,我起床后洗脸。,I wash my face after getting up.
洗手间,洗手间在哪里？,Where is the restroom?
洗完,他洗完衣服了。,He finished washing the clothes.
洗碗,我每天洗碗。,I wash the dishes every day.
洗洗,你去洗洗手吧。,Go wash your hands a bit.
洗澡,我每天洗澡。,I take a shower every day.
系,他是中文系的学生。,He is a student in the Chinese department.
下层,我们住在下层。,We live on the lower floor.
下次,下次我们一起去。,Let's go together next time.
下个星期,下个星期我要出差。,Next week I have a business trip.
下来,请你下来吃饭。,Please come down and eat.
下去,请你先下去吧。,Please go down first.
下山,我们准备下山了。,We are about to go down the mountain.
下星期,下星期我要考试。,Next week I have an exam.
下周,下周我们见面吧。,Let's meet next week.
夏季,夏季游客很多。,There are many tourists in summer.
夏天,夏天天气很热。,Summer weather is very hot.
先进,这个技术很先进。,This technology is advanced.
鲜花,他送了我一束鲜花。,He gave me a bouquet of fresh flowers.
现,他现在很忙。,He is very busy now.
相机,他的相机很贵。,His camera is very expensive.
相同,我们的想法相同。,Our ideas are the same.
相信,我完全相信你。,I completely believe you.
香蕉,我早上吃了一根香蕉。,I ate a banana this morning.
想不起来,我想不起来他的名字。,I can't remember his name.
想起,我突然想起他了。,I suddenly remembered him.
想想,你再想想吧。,Think it over again.
想要,我想要一杯水。,I want a glass of water.
想着,我一直想着你。,I've been thinking about you.
向东走,请一直向东走。,Please keep walking east.
向左走,到路口向左走。,Turn left at the intersection.
像,他长得很像爸爸。,He looks a lot like his dad.
小船,河上有一只小船。,There's a small boat on the river.
小孩子,小孩子喜欢吃糖。,Children like to eat candy.
小河,村子旁边有一条小河。,There's a stream next to the village.
小鸟,树上有一只小鸟。,There's a little bird in the tree.
小朋友,小朋友们在公园玩。,The kids are playing in the park.
小时候,小时候我住在乡下。,I lived in the countryside as a child.
小事,这只是小事，别担心。,"This is just a small matter, don't worry."
小心,过马路要小心。,Be careful when crossing the road.
小熊猫,动物园有小熊猫。,There's a red panda at the zoo.
小学校长,他是小学校长。,He is an elementary school principal.
小雪,外面下小雪了。,It's snowing lightly outside.
小张,小张是我的同事。,Xiao Zhang is my colleague.
校,校门口有很多学生。,There are many students at the school gate.
校医院,校医院离宿舍很近。,The school clinic is close to the dorm.
校长,校长在开会。,The principal is in a meeting.
鞋,这双鞋很好看。,These shoes look very nice.
写错字,他写错字了。,He wrote the wrong character.
写信,我常给朋友写信。,I often write letters to my friend.
写字,孩子在写字。,The child is writing.
谢,谢谢你的帮助。,Thank you for your help.
新闻,爸爸在看新闻。,Dad is watching the news.
新鲜,这些水果很新鲜。,These fruits are very fresh.
信,我给妈妈写信。,I wrote a letter to my mom.
信用卡,我用信用卡付钱。,I pay with a credit card.
行李,我的行李很重。,My luggage is heavy.
行李箱,我的行李箱很重。,My suitcase is very heavy.
兴趣,我对音乐有兴趣。,I'm interested in music.
兴趣爱好,他的兴趣爱好是画画。,His hobby is drawing.
熊猫,熊猫喜欢吃竹子。,Pandas like to eat bamboo.
需,这件事需要时间。,This matter requires time.
需要,我需要一杯水。,I need a glass of water.
许,妈妈不许我看电视。,Mom doesn't allow me to watch TV.
选择,你可以自己选择。,You can choose by yourself.
学画,她喜欢学画。,She likes learning to paint.
学习成绩,他的学习成绩很好。,His academic performance is very good.
牙,他每天刷牙。,He brushes his teeth every day.
牙疼,我牙疼得很厉害。,My tooth hurts a lot.
眼镜,我找不到眼镜了。,I can't find my glasses.
眼里,在他眼里你很好。,"In his eyes, you're great."
眼中,在妈妈眼中我最好。,"In mom's eyes, I'm the best."
羊,山上有很多羊。,There are many sheep on the mountain.
羊城,羊城是广州的别名。,Yangcheng is a nickname for Guangzhou.
阳,今天太阳很大。,The sun is very strong today.
要求,老师要求我们认真学习。,The teacher requires us to study hard.
爷爷,爷爷喜欢喝茶。,Grandpa likes to drink tea.
爷爷奶奶,爷爷奶奶身体很好。,Grandpa and grandma are in good health.
一把,她拿着一把伞。,She is holding an umbrella.
一般,他的成绩一般。,His grades are average.
一步,请你往前走一步。,Please take a step forward.
一次,我去过一次北京。,I have been to Beijing once.
一点,我懂一点汉语。,I know a little Chinese.
一定,你一定要来。,You must come.
一段时间,我们分开一段时间了。,We have been apart for a while.
一分钱,我没有一分钱。,I don't have a single cent.
一分钟,请等一分钟。,Please wait one minute.
一个碗,桌上有一个碗。,There is a bowl on the table.
一共,这些东西一共多少钱？,How much do these things cost in total?
一会儿,请等我一会儿。,Please wait for me a moment.
一家,我们一家去公园玩。,Our whole family went to the park.
一间,我们住一间房。,We are staying in one room.
一件,我买了一件新衣服。,I bought a new piece of clothing.
一句,他说了一句话。,He said a sentence.
一口,他一口答应了。,He readily agreed.
一块儿,我们一块儿去吧。,Let's go together.
一辆,他买了一辆新车。,He bought a new car.
一路上,一路上我们说说笑笑。,We chatted and laughed the whole way.
一米,这条鱼有一米长。,This fish is one meter long.
一年,他学了一年汉语。,He studied Chinese for a year.
一双,我买了一双鞋。,I bought a pair of shoes.
一天,我们玩了一天。,We played for a whole day.
一条,桌上有一条鱼。,There's a fish on the table.
一万,那本书卖了一万本。,That book sold ten thousand copies.
一万元,这辆车要一万元。,This car costs ten thousand yuan.
一位,来了一位客人。,A guest has arrived.
一箱,他买了一箱苹果。,He bought a box of apples.
一样,我们的想法一样。,Our ideas are the same.
一直,我一直在等你。,I've been waiting for you the whole time.
一只,天上飞着一只鸟。,A bird is flying in the sky.
一种,这是一种新的方法。,This is a new kind of method.
一周,我们学习一周了。,We have studied for a week.
以后,以后我会常来。,I'll come often from now on.
以前,以前这里是公园。,This used to be a park.
以为,我以为你不来了。,I thought you weren't coming.
易,这个问题很容易。,This problem is very easy.
音乐,我喜欢听音乐。,I like listening to music.
音乐节目,这是一个音乐节目。,This is a music program.
银行,银行离这儿不远。,The bank isn't far from here.
饮料,你想喝什么饮料？,What drink would you like?
应,你应早点休息。,You should rest early.
应该,你应该多喝水。,You should drink more water.
影响,天气影响了我们的计划。,The weather affected our plans.
用,你可以用我的手机。,You can use my phone.
用电,我们要节约用电。,We should save on electricity use.
用来,这个杯子用来喝水。,This cup is used for drinking water.
邮件,我给你发了邮件。,I sent you an email.
游客,公园里有很多游客。,There are many tourists in the park.
游戏,孩子们喜欢玩游戏。,Children like playing games.
游泳馆,我们去游泳馆游泳。,We're going to the pool to swim.
有关,这件事跟他有关。,This matter is related to him.
有借有还,借东西要有借有还。,"When you borrow something, you should return it."
有没有,你有没有时间？,Do you have time?
有名,他是一个有名的医生。,He is a famous doctor.
有人,门外好像有人。,It seems there's someone outside.
有时,我有时很忙。,I'm sometimes very busy.
有时候,我有时候很忙。,Sometimes I'm very busy.
有事,我今天有事。,I have something to do today.
有些,有些人不喜欢喝咖啡。,Some people don't like coffee.
又,他又迟到了。,He was late again.
右,银行在你的右边。,The bank is on your right.
遇到,我在路上遇到了老师。,I ran into my teacher on the way.
遇见,我在路上遇见了老朋友。,I ran into an old friend on the road.
愿意,我愿意帮你。,I'm willing to help you.
月亮,今晚的月亮很圆。,Tonight's moon is very full.
越,天气越来越冷。,The weather is getting colder and colder.
越来越,天气越来越冷了。,The weather is getting colder and colder.
云南,我很想去云南。,I really want to go to Yunnan.
云南旅游,我们打算去云南旅游。,We plan to travel to Yunnan.
运动鞋,我想买一双运动鞋。,I want to buy a pair of sneakers.
再慢,你能不能再慢一点？,Could you go a little slower?
再说,这件事我们以后再说。,Let's talk about this matter later.
在家,今天我在家休息。,Today I'm resting at home.
在我心中,你永远在我心中。,You are always in my heart.
早点儿,明天早点儿来。,Come a bit earlier tomorrow.
怎么办,这件事怎么办？,What should we do about this?
怎样,你觉得怎样？,What do you think?
怎样才能,怎样才能学好汉语？,How can one learn Chinese well?
站,前面就是火车站。,The train station is right ahead.
站着不动,他站着不动。,He stood still.
长大,孩子们都长大了。,The children have all grown up.
长胖,最近我长胖了。,I've gained weight recently.
长时间,他长时间工作。,He worked for a long time.
照,阳光照在脸上。,Sunlight shines on my face.
照顾,妈妈在照顾孩子。,Mom is taking care of the children.
照片,我们照了很多照片。,We took a lot of photos.
照相机,我买了一个照相机。,I bought a camera.
这次,这次考试很简单。,This exam was very easy.
这段话,这段话很重要。,This passage is very important.
这家,这家饭馆很有名。,This restaurant is very famous.
这件,这件衣服很漂亮。,This piece of clothing is very pretty.
这块,这块蛋糕很好吃。,This piece of cake is delicious.
这辆,这辆车很贵。,This car is very expensive.
这么晚,你怎么这么晚回来？,Why are you back so late?
这位,这位是我的老师。,This is my teacher.
这种,我喜欢这种颜色。,I like this kind of color.
着急,别着急，慢慢说。,"Don't worry, take your time."
真不简单,你真不简单。,You're really impressive.
真累,今天工作真累。,Work today was really tiring.
真是,今天真是太热了。,Today is really so hot.
正要,我正要出门。,I was just about to go out.
只,我今天只喝水。,I'm only drinking water today.
只能,我今天只能在家。,I can only stay home today.
只怕,只怕明天会下雨。,I'm afraid it will rain tomorrow.
只是,我只是问问。,I'm just asking.
只要,只要努力就能成功。,"As long as you work hard, you can succeed."
只有,桌子上只有一本书。,There is only one book on the table.
中间,他坐在我们中间。,"He sits in the middle, between us."
中文,他的中文说得很好。,His Chinese is very good.
终于,我们终于到家了。,We finally got home.
种,这种水果很甜。,This kind of fruit is very sweet.
重要,这件事很重要。,This matter is very important.
周,我们一周上五天课。,We have classes five days a week.
周末,周末我在家休息。,I rest at home on weekends.
主要,这是主要的问题。,This is the main problem.
注意,过马路要注意安全。,Pay attention to safety when crossing the street.
祝您,祝您生日快乐。,Wishing you a happy birthday.
桌,房间里有一张桌子。,There is a table in the room.
子,他有一个儿子。,He has a son.
字典,我用字典查生词。,I look up new words in the dictionary.
自己,我自己做饭。,I cook by myself.
总会,好事总会发生。,Good things will always happen.
总是,他总是迟到。,He is always late.
走得慢,爷爷走得慢。,Grandpa walks slowly.
走动,吃完饭出去走动一下。,Go out and move around a bit after eating.
走走,我们去外面走走吧。,Let's go outside for a walk.
嘴,他的嘴很大。,His mouth is big.
最好,你最好早点睡。,You'd better sleep early.
最后,最后他成功了。,"In the end, he succeeded."
最近,我最近很忙。,I've been busy recently.
最少,我们最少需要两个人。,We need at least two people.
最新,这是最新的消息。,This is the latest news.
昨,昨天我很忙。,I was very busy yesterday.
昨天晚上,昨天晚上我没睡好。,I didn't sleep well last night.
昨天下午,昨天下午下雨了。,It rained yesterday afternoon.
左,请你往左转。,Please turn left.
左右,他今年五十岁左右。,He is around fifty years old this year.
作业,我还没做完作业。,I haven't finished my homework yet.
作用,这个药有作用。,This medicine works.
坐船,我们坐船去那个岛。,We took a boat to that island.
坐船去,我们坐船去那个岛。,We went to that island by boat.
坐地铁,我每天坐地铁上班。,I take the subway to work every day.
坐飞机,我第一次坐飞机。,This is my first time taking a plane.
坐在,她坐在椅子上。,She is sitting on the chair.
做出,他做出了正确的决定。,He made the right decision.
做到,我一定能做到。,I can definitely make it happen.
做饭,妈妈在厨房做饭。,Mom is cooking in the kitchen.
做客,我去朋友家做客。,I went to my friend's house as a guest.
做人,做人要诚实。,One should be honest in life.
做事,他做事很认真。,He is very conscientious in his work.
